product_colour,sales
Green,2495.2799506505735
Black,8476.825035030295
Red,1280.522484646747
Dark Grey Melange,2864.0766493064034
Navy,9622.236338068804
 Navy/Blue,698.3691058877246
